as_of,spy_close,up_count,down_count,net,up_share,up_down_ratio
2026-02-03,689.53,21,66,-45,0.2414,0.32
2026-02-04,686.19,36,100,-64,0.2647,0.36
2026-02-05,677.62,21,167,-146,0.1117,0.13
2026-02-06,690.62,54,49,5,0.5243,1.1
2026-02-09,693.95,52,48,4,0.52,1.08
2026-02-10,692.12,46,30,16,0.6053,1.53
2026-02-11,691.96,61,45,16,0.5755,1.36
2026-02-12,681.27,70,42,28,0.625,1.67
2026-02-13,681.75,42,58,-16,0.42,0.72
2026-02-17,682.85,38,47,-9,0.4471,0.81
2026-02-18,686.29,29,28,1,0.5088,1.04
2026-02-19,684.48,27,18,9,0.6,1.5
2026-02-20,689.43,48,15,33,0.7619,3.2
2026-02-23,682.39,37,29,8,0.5606,1.28
2026-02-24,687.35,56,25,31,0.6914,2.24
2026-02-25,693.15,66,33,33,0.6667,2.0
2026-02-26,689.3,60,31,29,0.6593,1.94
2026-02-27,685.99,65,43,22,0.6019,1.51
2026-03-02,686.38,109,32,77,0.773,3.41
2026-03-03,680.33,63,36,27,0.6364,1.75
2026-03-04,685.13,61,32,29,0.6559,1.91
2026-03-05,681.31,52,38,14,0.5778,1.37
2026-03-06,672.38,59,32,27,0.6484,1.84
2026-03-09,678.27,41,24,17,0.6308,1.71
2026-03-10,677.18,52,18,34,0.7429,2.89
2026-03-11,676.33,57,21,36,0.7308,2.71
2026-03-12,666.06,46,28,18,0.6216,1.64
2026-03-13,662.29,34,21,13,0.6182,1.62
2026-03-16,669.03,26,18,8,0.5909,1.44
2026-03-17,670.79,28,21,7,0.5714,1.33
2026-03-18,661.43,18,32,-14,0.36,0.56
2026-03-19,659.8,29,38,-9,0.4328,0.76
2026-03-20,648.57,25,31,-6,0.4464,0.81
2026-03-23,655.38,25,20,5,0.5556,1.25
2026-03-24,653.18,24,28,-4,0.4615,0.86
2026-03-25,656.82,42,23,19,0.6462,1.83
2026-03-26,645.09,34,27,7,0.5574,1.26
2026-03-27,634.09,37,23,14,0.6167,1.61
2026-03-30,631.97,25,57,-32,0.3049,0.44
2026-03-31,650.34,32,27,5,0.5424,1.19
2026-04-01,655.24,32,25,7,0.5614,1.28
2026-04-02,655.83,45,12,33,0.7895,3.75
2026-04-06,658.93,63,13,50,0.8289,4.85
2026-04-07,659.22,105,10,95,0.913,10.5
2026-04-08,676.01,71,10,61,0.8765,7.1
2026-04-09,679.91,74,9,65,0.8916,8.22
2026-04-10,679.46,66,22,44,0.75,3.0
2026-04-13,686.1,97,10,87,0.9065,9.7
2026-04-14,694.46,135,12,123,0.9184,11.25
2026-04-15,699.94,108,9,99,0.9231,12.0
2026-04-16,701.66,114,8,106,0.9344,14.25
2026-04-17,710.14,176,12,164,0.9362,14.67
2026-04-20,708.72,132,16,116,0.8919,8.25
2026-04-21,704.08,85,17,68,0.8333,5.0
2026-04-22,711.21,79,16,63,0.8316,4.94
2026-04-23,708.45,49,17,32,0.7424,2.88
2026-04-24,713.94,56,23,33,0.7089,2.43
2026-04-27,715.17,47,22,25,0.6812,2.14
2026-04-28,711.69,35,23,12,0.6034,1.52
2026-04-29,711.58,36,38,-2,0.4865,0.95
2026-04-30,718.66,45,19,26,0.7031,2.37
2026-05-01,720.65,62,14,48,0.8158,4.43
2026-05-04,718.01,58,21,37,0.7342,2.76
2026-05-05,723.77,120,18,102,0.8696,6.67
2026-05-06,733.83,190,28,162,0.8716,6.79
2026-05-07,731.58,110,44,66,0.7143,2.5
2026-05-08,737.62,120,50,70,0.7059,2.4
2026-05-11,739.3,150,59,91,0.7177,2.54
2026-05-12,738.18,114,67,47,0.6298,1.7
2026-05-13,742.31,93,68,25,0.5776,1.37
2026-05-14,748.17,97,55,42,0.6382,1.76
2026-05-15,739.17,53,39,14,0.5761,1.36
2026-05-18,738.65,44,61,-17,0.419,0.72
2026-05-19,733.73,31,58,-27,0.3483,0.53
2026-05-20,741.25,42,38,4,0.525,1.11
2026-05-21,742.72,39,15,24,0.7222,2.6
2026-05-22,745.64,82,12,70,0.8723,6.83
2026-05-26,750.59,129,8,121,0.9416,16.12
2026-05-27,750.46,202,14,188,0.9352,14.43
2026-05-28,754.6,180,14,166,0.9278,12.86
2026-05-29,756.48,128,15,113,0.8951,8.53
2026-06-01,758.54,157,16,141,0.9075,9.81
2026-06-02,759.57,104,25,79,0.8062,4.16
2026-06-03,754.24,78,34,44,0.6964,2.29
2026-06-04,757.09,55,32,23,0.6322,1.72
2026-06-05,737.55,17,74,-57,0.1868,0.23
2026-06-08,739.22,20,54,-34,0.2703,0.37
2026-06-09,737.05,26,128,-102,0.1688,0.2
2026-06-10,725.43,30,100,-70,0.2308,0.3
2026-06-11,737.76,38,50,-12,0.4318,0.76
2026-06-12,741.75,71,12,59,0.8554,5.92
2026-06-15,754.83,69,19,50,0.7841,3.63
2026-06-16,750.33,61,25,36,0.7093,2.44
2026-06-17,740.96,98,24,74,0.8033,4.08
2026-06-18,746.74,69,30,39,0.697,2.3
2026-06-22,744.39,77,30,47,0.7196,2.57
2026-06-23,733.58,50,23,27,0.6849,2.17
2026-06-24,733.24,57,33,24,0.6333,1.73
2026-06-25,734.3,67,38,29,0.6381,1.76
2026-06-26,728.99,77,46,31,0.626,1.67
2026-06-29,741,119,32,87,0.7881,3.72
2026-06-30,746.77,116,16,100,0.8788,7.25
2026-07-01,745.76,101,11,90,0.9018,9.18
2026-07-02,744.78,113,38,75,0.7483,2.97
2026-07-06,751.28,56,18,38,0.7568,3.11
2026-07-07,747.71,28,65,-37,0.3011,0.43
2026-07-08,745.4,17,82,-65,0.1717,0.21
2026-07-09,751.71,21,31,-10,0.4038,0.68
2026-07-10,754.95,20,20,0,0.5,1.0
2026-07-13,749.17,15,36,-21,0.2941,0.42
2026-07-14,751.83,23,18,5,0.561,1.28
2026-07-15,754.81,20,18,2,0.5263,1.11
2026-07-16,750.72,22,68,-46,0.2444,0.32
2026-07-17,743.29,17,38,-21,0.3091,0.45
2026-07-20,742.09,17,21,-4,0.4474,0.81
2026-07-21,748.28,22,18,4,0.55,1.22
2026-07-22,747.41,19,13,6,0.5938,1.46
2026-07-23,738.18,32,17,15,0.6531,1.88
2026-07-24,738.93,14,23,-9,0.3784,0.61
2026-07-27,739.09,18,16,2,0.5294,1.12
