ticker,close,close_5d_ago,pct_change_5d,volume,min_vol_3d
PMI,8.74,4.45,96.4,912710,892573
AIFA,7.67,4.04,89.85,4761887,144041
LONA,5.75,3.51,63.82,175828,175828
PICS,12.46,8.19,52.14,1226820,518774
XRPN,19.2,12.9,48.84,2749061,2749061
XP,29.73,20.27,46.67,23107128,12165519
APUS,7.13,5.02,42.03,43838621,138715
CD,8.32,5.92,40.54,190310,143009
PTC,193,137.56,40.3,7418662,1121382
RXO,28.54,20.71,37.81,8115353,3674042
INTR,7.03,5.13,37.04,11806659,4162491
OPCH,31,22.81,35.91,65081906,1263368
SOTK,6.74,4.98,35.34,237583,118816
OPTX,9.82,7.41,32.52,496252,496252
AAOI,130.16,100.67,29.29,12525183,9354092
INTT,14.47,11.35,27.49,173844,100704
CCOI,9.31,7.34,26.84,2147913,2147913
NU,15.66,12.35,26.8,96315779,78029928
STDN,15.19,12.02,26.37,1316305,263729
ITUB,10.15,8.09,25.46,52293431,44952079
STNE,11.62,9.28,25.22,11103581,4969078
CIEN,443.65,354.92,25.0,6396595,2474541
DMRC,6.18,4.97,24.35,138937,138937
SBS,6.41,5.18,23.75,12478758,9292192
MTSI,350.67,284.27,23.36,1542461,1187187
FCEL,20.65,16.9,22.19,12797493,5496367
PAGS,10.72,8.8,21.82,7442762,3800270
SNPS,505.17,415.09,21.7,2738471,2738471
VWAV,5.04,4.16,21.15,676441,124346
ELMT,23.16,19.15,20.94,1232327,586965
VNCE,12.24,10.14,20.71,617774,186454
MAT,15.93,13.22,20.5,9861318,9861318
SILC,61.65,51.37,20.01,121891,121891
